{"stats":{"minecraft:custom":{"minecraft:mob_kills":13,"minecraft:interact_with_anvil":3,"minecraft:animals_bred":3,"minecraft:inspect_hopper":10,"minecraft:interact_with_crafting_table":9,"minecraft:open_barrel":34,"minecraft:interact_with_campfire":12,"minecraft:bell_ring":9,"minecraft:eat_cake_slice":5,"minecraft:leave_game":26,"minecraft:time_since_death":447760,"minecraft:climb_one_cm":5201,"minecraft:sprint_one_cm":559511,"minecraft:walk_one_cm":548627,"minecraft:drop":33,"minecraft:talked_to_villager":4340,"minecraft:deaths":1,"minecraft:sneak_time":10858,"minecraft:walk_under_water_one_cm":2901,"minecraft:jump":3920,"minecraft:walk_on_water_one_cm":1018,"minecraft:interact_with_furnace":49,"minecraft:traded_with_villager":42,"minecraft:play_one_minute":619915,"minecraft:pot_flower":2,"minecraft:time_since_rest":447760,"minecraft:open_enderchest":3,"minecraft:damage_taken":45,"minecraft:damage_dealt":1756,"minecraft:swim_one_cm":1238,"minecraft:fly_one_cm":2615854,"minecraft:open_chest":67,"minecraft:crouch_one_cm":21509,"minecraft:aviate_one_cm":126797,"minecraft:interact_with_smoker":9,"minecraft:fall_one_cm":16364},"minecraft:mined":{"minecraft:obsidian":1,"minecraft:composter":4,"sweet_potato:enchanted_sugar_cane":3,"sweet_potato:magic_cube":14,"sweet_potato:enchanted_carrots":5,"sweet_potato:enchanted_potatoes":3,"sweet_potato:enchanted_beetroots":2,"sweet_potato:enchanted_wheat":8,"minecraft:spruce_log":32,"minecraft:grass":1},"minecraft:dropped":{"minecraft:netherite_chestplate":2,"minecraft:netherite_helmet":2,"minecraft:oak_fence":1,"minecraft:stick":2,"minecraft:emerald":192,"sweet_potato:purple_potato":128,"sweet_potato:peel":1,"minecraft:netherite_boots":2,"sweet_potato:grinder":1,"minecraft:iron_shovel":4,"sweet_potato:enchanted_potato":128,"minecraft:rotten_flesh":1,"minecraft:debug_stick":1,"minecraft:netherite_leggings":2,"minecraft:flint_and_steel":2,"sweet_potato:white_potato":64,"sweet_potato:red_potato":64},"minecraft:killed":{"minecraft:parrot":2,"minecraft:pig":6,"minecraft:zombie":1,"minecraft:villager":4},"minecraft:used":{"minecraft:oak_fence":84,"minecraft:netherite_sword":21,"minecraft:flint_and_steel":67,"sweet_potato:purple_potato":12,"minecraft:polished_blackstone":2,"minecraft:redstone":10,"minecraft:zombie_villager_spawn_egg":5,"sweet_potato:enchanted_spruce_sapling":6,"minecraft:oak_sign":29,"minecraft:chest":12,"minecraft:ender_chest":1,"sweet_potato:magic_cube":55,"minecraft:zombie_spawn_egg":6,"minecraft:farmland":19,"sweet_potato:enchanted_birch_sapling":7,"minecraft:torch":2,"minecraft:brewing_stand":1,"minecraft:dirt":30,"minecraft:anvil":2,"minecraft:white_carpet":22,"minecraft:hopper":44,"minecraft:cobblestone_wall":3,"minecraft:yellow_carpet":56,"minecraft:golden_shovel":187,"sweet_potato:baked_purple_potato":8,"minecraft:obsidian":104,"minecraft:milk_bucket":1,"minecraft:shroomlight":5,"minecraft:andesite_wall":2,"minecraft:glass":67,"minecraft:iron_hoe":4,"sweet_potato:white_potato":4,"minecraft:netherite_shovel":110,"sweet_potato:baked_red_potato":1,"minecraft:bookshelf":8,"minecraft:villager_spawn_egg":9,"minecraft:grass_block":318,"minecraft:oak_stairs":43,"minecraft:polished_andesite_stairs":15,"minecraft:netherite_hoe":32,"minecraft:polished_blackstone_brick_stairs":3,"minecraft:barrel":4,"minecraft:item_frame":4744,"minecraft:bedrock":15,"minecraft:repeater":2,"minecraft:redstone_lamp":1,"minecraft:soul_soil":21,"minecraft:furnace":9,"sweet_potato:grinder":54,"minecraft:minecart":1,"minecraft:netherite_pickaxe":6,"minecraft:trapped_chest":4,"minecraft:enchanted_golden_apple":14,"sweet_potato:enchanted_beetroot_seeds":9,"minecraft:water_bucket":22,"minecraft:end_rod":1,"minecraft:cobblestone_stairs":4,"minecraft:birch_leaves":27,"minecraft:stone_pickaxe":2,"minecraft:powered_rail":8,"minecraft:polished_andesite":240,"minecraft:jungle_fence":7,"minecraft:oak_planks":123,"sweet_potato:agroforestry_table":11,"sweet_potato:enchanted_dark_oak_sapling":1,"minecraft:redstone_block":4,"minecraft:composter":14,"minecraft:parrot_spawn_egg":10,"minecraft:sugar_cane":5,"minecraft:polished_blackstone_bricks":14,"minecraft:respawn_anchor":5,"sweet_potato:enchanted_acacia_sapling":1,"minecraft:mossy_cobblestone":7,"minecraft:golden_hoe":49,"minecraft:rail":2,"minecraft:comparator":2,"minecraft:tnt":23,"minecraft:oak_slab":53,"minecraft:crafting_table":4,"sweet_potato:enchanted_potato":9,"minecraft:blast_furnace":2,"minecraft:white_bed":3,"minecraft:campfire":1,"sweet_potato:enchanted_jungle_sapling":1,"minecraft:cake":1,"minecraft:smoker":1,"minecraft:oak_log":11,"sweet_potato:baked_white_potato":2,"minecraft:lever":2,"minecraft:flower_pot":2,"minecraft:diamond_pickaxe":6,"sweet_potato:enchanted_wheat_seeds":10,"minecraft:crying_obsidian":2,"minecraft:command_block":2,"minecraft:iron_pickaxe":3,"minecraft:stone_button":5,"minecraft:pig_spawn_egg":8,"minecraft:netherite_axe":38,"sweet_potato:enchanted_oak_sapling":4,"minecraft:cobblestone":1483,"minecraft:potion":1,"minecraft:grindstone":1,"sweet_potato:enchanted_sugar_cane":270,"sweet_potato:enchanted_carrot":9,"sweet_potato:red_potato":6,"minecraft:chest_minecart":4,"minecraft:glass_pane":2,"minecraft:grass_path":8,"minecraft:stripped_oak_log":29,"minecraft:husk_spawn_egg":3,"minecraft:bone_meal":282},"minecraft:crafted":{"minecraft:glass":128,"minecraft:diamond_leggings":3,"minecraft:iron_boots":12,"sweet_potato:baked_red_potato":128,"minecraft:diamond_boots":3,"sweet_potato:baked_white_potato":160,"sweet_potato:potato_powder":-47,"minecraft:air":0,"minecraft:shield":12,"minecraft:chainmail_boots":12},"minecraft:picked_up":{"minecraft:wheat":309,"minecraft:chainmail_boots":12,"sweet_potato:peel":279,"sweet_potato:enchanted_carrot":10,"minecraft:soul_soil":1,"minecraft:item_frame":34,"minecraft:white_carpet":1,"minecraft:iron_shovel":4,"sweet_potato:magic_cube":14,"minecraft:oak_sign":13,"minecraft:poppy":95,"minecraft:sugar_cane":508,"minecraft:birch_sapling":2,"minecraft:stick":287,"minecraft:oak_door":1,"minecraft:composter":4,"minecraft:torch":3,"sweet_potato:baked_red_potato":253,"minecraft:porkchop":7,"minecraft:polished_blackstone_bricks":9,"minecraft:cake":53,"minecraft:stone_button":1,"minecraft:redstone":6,"sweet_potato:enchanted_sugar_cane":3,"minecraft:rotten_flesh":2,"minecraft:polished_blackstone":2,"minecraft:netherite_chestplate":2,"minecraft:obsidian":1,"minecraft:cobblestone":63,"sweet_potato:enchanted_wheat_seeds":6,"minecraft:birch_log":1,"minecraft:netherite_boots":2,"minecraft:feather":5,"minecraft:repeater":1,"minecraft:chainmail_chestplate":8,"sweet_potato:enchanted_beetroot_seeds":2,"minecraft:netherite_leggings":2,"sweet_potato:potato_powder":144,"sweet_potato:red_potato":67,"minecraft:dirt":12,"sweet_potato:white_potato":2252,"minecraft:glass":48,"minecraft:apple":138,"minecraft:wheat_seeds":25,"minecraft:netherite_axe":1,"minecraft:powered_rail":1,"minecraft:debug_stick":13,"sweet_potato:enchanted_red_potato":1,"sweet_potato:enchanted_potato":133,"minecraft:sand":48,"sweet_potato:enchanted_birch_sapling":1,"minecraft:spruce_sapling":1,"minecraft:spruce_log":32,"minecraft:yellow_carpet":14,"minecraft:netherite_helmet":2,"minecraft:lever":1,"minecraft:chainmail_leggings":10,"sweet_potato:baked_white_potato":760,"minecraft:bone_meal":5,"sweet_potato:enchanted_purple_potato":1,"minecraft:chainmail_helmet":11,"minecraft:bread":3,"minecraft:emerald":192,"minecraft:oak_sapling":1,"sweet_potato:purple_potato":107,"sweet_potato:baked_purple_potato":103,"minecraft:hopper":1}},"DataVersion":2567}