{"stats":{"minecraft:picked_up":{"minecraft:stone":4664,"minecraft:torch":1,"minecraft:stone_button":1,"minecraft:redstone":20,"minecraft:blue_carpet":383,"minecraft:smooth_stone":1,"minecraft:lever":3,"minecraft:redstone_torch":20,"minecraft:cobblestone":3151},"minecraft:custom":{"minecraft:time_since_rest":2530461,"minecraft:sprint_one_cm":50324,"minecraft:interact_with_furnace":12,"minecraft:inspect_dropper":9,"minecraft:walk_one_cm":38134,"minecraft:drop":43,"minecraft:inspect_hopper":39,"minecraft:fly_one_cm":630791,"minecraft:open_barrel":1,"minecraft:open_chest":17,"minecraft:crouch_one_cm":6647,"minecraft:play_one_minute":2530461,"minecraft:open_shulker_box":1,"minecraft:sneak_time":8978,"minecraft:walk_under_water_one_cm":416,"minecraft:jump":649,"minecraft:leave_game":5,"minecraft:walk_on_water_one_cm":5092,"minecraft:time_since_death":2530461},"minecraft:used":{"minecraft:redstone_torch":109,"minecraft:sticky_piston":7,"minecraft:glass":6,"minecraft:lever":8,"minecraft:sea_lantern":15,"minecraft:light_blue_glazed_terracotta":65,"minecraft:dropper":20,"minecraft:polished_andesite":75,"minecraft:oak_button":3,"minecraft:redstone":254,"minecraft:stone_button":7,"minecraft:oak_sign":5,"minecraft:chest":7,"minecraft:stone_slab":2,"minecraft:redstone_block":1,"minecraft:cobblestone_slab":2,"minecraft:torch":38,"minecraft:repeater":39,"minecraft:redstone_lamp":9,"minecraft:comparator":16,"minecraft:iron_trapdoor":9,"minecraft:observer":64,"minecraft:smooth_stone":533},"minecraft:dropped":{"minecraft:sea_lantern":1,"minecraft:stone":6,"minecraft:lever":2,"minecraft:light_blue_glazed_terracotta":1,"minecraft:torch":2,"minecraft:redstone_torch":1,"minecraft:smooth_stone":2,"minecraft:blue_carpet":379,"minecraft:polished_andesite":1,"minecraft:redstone":2}},"DataVersion":2230}