{"stats":{"minecraft:picked_up":{"minecraft:stone":2179,"minecraft:redstone":1,"minecraft:blue_carpet":13104,"minecraft:shulker_box":42,"minecraft:cactus":1,"minecraft:smooth_stone":5,"minecraft:birch_sign":2,"minecraft:cobblestone":10707},"minecraft:dropped":{"minecraft:stone":599,"minecraft:cobblestone":2801,"minecraft:blue_carpet":3970,"minecraft:shulker_box":14},"minecraft:custom":{"minecraft:time_since_rest":77374,"minecraft:inspect_dropper":6,"minecraft:interact_with_furnace":17,"minecraft:sprint_one_cm":765,"minecraft:damage_taken":70,"minecraft:walk_one_cm":5672,"minecraft:drop":242,"minecraft:inspect_hopper":58,"minecraft:fly_one_cm":417344,"minecraft:open_barrel":11,"minecraft:open_chest":101,"minecraft:play_one_minute":77374,"minecraft:crouch_one_cm":732,"minecraft:open_shulker_box":4,"minecraft:sneak_time":7997,"minecraft:jump":61,"minecraft:leave_game":6,"minecraft:walk_on_water_one_cm":3770,"minecraft:time_since_death":77374,"minecraft:fall_one_cm":1240},"minecraft:used":{"minecraft:sticky_piston":3,"minecraft:glass":19,"minecraft:lever":54,"minecraft:water_bucket":4,"minecraft:packed_ice":7,"minecraft:sea_lantern":15,"minecraft:iron_bars":2,"minecraft:dropper":3,"minecraft:redstone":28,"minecraft:cactus":5,"minecraft:chest":245,"minecraft:stone_slab":2,"minecraft:redstone_block":6,"minecraft:cobblestone_slab":2,"minecraft:sand":4,"minecraft:cobblestone":2,"minecraft:comparator":4,"minecraft:hopper":62,"minecraft:birch_sign":1,"minecraft:cobblestone_wall":10,"minecraft:shulker_box":17,"minecraft:smooth_stone_slab":16,"minecraft:observer":5,"minecraft:smooth_stone":342},"minecraft:crafted":{"minecraft:smooth_stone":1,"minecraft:air":0}},"DataVersion":1976}