{"stats":{"minecraft:used":{"minecraft:sticky_piston":3,"minecraft:lever":4,"minecraft:purple_concrete":71,"minecraft:repeater":61,"minecraft:firework_rocket":5,"minecraft:redstone":110,"minecraft:stone_button":2,"minecraft:pink_concrete":3,"minecraft:enchanted_golden_apple":3,"minecraft:green_concrete":63,"minecraft:netherite_block":2,"minecraft:redstone_torch":10},"minecraft:picked_up":{"minecraft:firework_rocket":21,"minecraft:repeater":2,"minecraft:redstone":4},"minecraft:custom":{"minecraft:time_since_rest":20,"minecraft:damage_absorbed":480,"minecraft:play_one_minute":91375,"minecraft:crouch_one_cm":1170,"minecraft:damage_taken":2342,"minecraft:sprint_one_cm":35011,"minecraft:walk_one_cm":25473,"minecraft:deaths":8,"minecraft:sneak_time":2663,"minecraft:drop":21,"minecraft:aviate_one_cm":409183,"minecraft:jump":307,"minecraft:leave_game":11,"minecraft:time_since_death":19,"minecraft:damage_resisted":254,"minecraft:fly_one_cm":501883,"minecraft:fall_one_cm":9369,"minecraft:inspect_dispenser":1},"minecraft:dropped":{"minecraft:pink_concrete":1,"minecraft:redstone_torch":1,"minecraft:purple_concrete":2,"minecraft:green_concrete":2,"minecraft:lever":1,"minecraft:stone_button":1,"minecraft:netherite_block":1,"minecraft:repeater":3,"minecraft:sticky_piston":1,"minecraft:redstone":6,"minecraft:stick":1,"minecraft:firework_rocket":21}},"DataVersion":2567}