{"stats":{"minecraft:dropped":{"minecraft:item_frame":2},"minecraft:custom":{"minecraft:time_since_rest":1956,"minecraft:sprint_one_cm":15419,"minecraft:walk_one_cm":15562,"minecraft:interact_with_anvil":1,"minecraft:drop":2,"sweet_potato:interact_with_grinder":1,"minecraft:fly_one_cm":162041,"minecraft:open_barrel":6,"minecraft:open_chest":1,"minecraft:play_one_minute":20545,"minecraft:crouch_one_cm":507,"minecraft:deaths":1,"minecraft:sneak_time":245,"minecraft:jump":87,"minecraft:leave_game":1,"minecraft:walk_on_water_one_cm":922,"minecraft:time_since_death":1927},"minecraft:picked_up":{"minecraft:wooden_axe":1,"minecraft:salmon":1,"minecraft:wooden_pickaxe":1,"minecraft:acacia_log":3,"minecraft:stone_button":1,"sweet_potato:potato_powder":1152,"minecraft:item_frame":2,"minecraft:apple":4,"minecraft:bone_meal":1,"minecraft:oak_sapling":576,"minecraft:oak_planks":29},"minecraft:used":{"minecraft:water_bucket":8,"minecraft:command_block":1,"sweet_potato:enchanted_dark_oak_leaves":3,"minecraft:grass_block":3,"minecraft:stone_button":3,"sweet_potato:enchanted_jungle_leaves":3,"sweet_potato:enchanted_spruce_sapling":1,"sweet_potato:agroforestry_table":3,"sweet_potato:enchanted_dark_oak_sapling":4,"minecraft:stone":49,"sweet_potato:enchanted_acacia_leaves":3,"sweet_potato:enchanted_oak_sapling":1,"minecraft:barrel":5,"minecraft:item_frame":24,"minecraft:bedrock":2,"minecraft:dirt":8,"minecraft:anvil":1,"sweet_potato:enchanted_birch_leaves":3,"sweet_potato:enchanted_spruce_leaves":3,"sweet_potato:grinder":2,"sweet_potato:enchanted_oak_leaves":3,"minecraft:grass_path":18,"minecraft:repeating_command_block":1,"minecraft:bone_meal":8}},"DataVersion":2567}