{"stats":{"minecraft:dropped":{"minecraft:gravel":1,"minecraft:stick":1},"minecraft:picked_up":{"minecraft:stick":3,"minecraft:gravel":1,"minecraft:oak_sapling":1,"minecraft:sugar_cane":1,"minecraft:cobblestone":3},"minecraft:mined":{"minecraft:gravel":1,"minecraft:cobblestone":1,"minecraft:stone":2},"minecraft:used":{"minecraft:water_bucket":2,"minecraft:lava_bucket":8,"minecraft:flint_and_steel":1,"minecraft:command_block":1,"sweet_potato:enchanted_purple_potato":3,"minecraft:grass_block":60,"sweet_potato:enchanted_jungle_leaves":8,"minecraft:stone_button":1,"minecraft:oak_sign":1,"sweet_potato:enchanted_acacia_leaves":3,"minecraft:barrel":1,"minecraft:item_frame":23,"minecraft:dirt":1,"minecraft:cobblestone":6,"minecraft:crafting_table":4,"minecraft:netherite_pickaxe":3,"sweet_potato:grinder":3,"minecraft:bucket":10,"sweet_potato:enchanted_oak_leaves":94,"sweet_potato:enchanted_red_potato":4,"minecraft:lingering_potion":1,"sweet_potato:enchanted_white_potato":4},"minecraft:crafted":{"sweet_potato:potato_powder":-1,"sweet_potato:treating_bowl":2},"minecraft:custom":{"minecraft:time_since_rest":65422,"minecraft:sprint_one_cm":29056,"minecraft:damage_taken":50,"minecraft:walk_one_cm":44222,"minecraft:drop":2,"minecraft:interact_with_crafting_table":11,"minecraft:fly_one_cm":244902,"minecraft:open_barrel":11,"minecraft:play_one_minute":65422,"minecraft:crouch_one_cm":763,"minecraft:sneak_time":675,"minecraft:walk_under_water_one_cm":261,"minecraft:jump":191,"minecraft:leave_game":6,"minecraft:time_since_death":65422,"minecraft:walk_on_water_one_cm":1279,"minecraft:climb_one_cm":1026,"minecraft:fall_one_cm":822}},"DataVersion":2567}