{"stats":{"minecraft:mined":{"sweet_potato:agroforestry_table":1,"sweet_potato:enchanted_sugar_cane":3,"sweet_potato:enchanted_wheat":3,"minecraft:carrots":5,"minecraft:wheat":15,"sweet_potato:grinder":3,"minecraft:potatoes":1,"sweet_potato:enchanted_oak_sapling":5,"minecraft:beetroots":1,"sweet_potato:magic_cube":3,"sweet_potato:purple_potatoes":5},"minecraft:crafted":{"sweet_potato:potato_powder":-23,"minecraft:crafting_table":1},"minecraft:custom":{"minecraft:interact_with_anvil":1,"minecraft:play_one_minute":121054,"minecraft:bell_ring":1,"minecraft:leave_game":8,"minecraft:time_since_death":121054,"minecraft:climb_one_cm":293,"minecraft:time_since_rest":121054,"minecraft:sprint_one_cm":21454,"minecraft:walk_one_cm":53678,"minecraft:drop":48,"minecraft:fly_one_cm":281281,"minecraft:open_chest":18,"minecraft:crouch_one_cm":174,"minecraft:sneak_time":804,"minecraft:jump":136,"minecraft:walk_on_water_one_cm":540},"minecraft:dropped":{"minecraft:sugar_cane":2,"minecraft:wheat_seeds":1,"minecraft:dark_oak_sapling":2,"minecraft:birch_sapling":2,"sweet_potato:enchanted_oak_sapling":2,"sweet_potato:enchanted_beetroot_seeds":2,"minecraft:glass_pane":1,"minecraft:carrot":2,"sweet_potato:white_potato":2,"sweet_potato:enchanted_jungle_sapling":1,"minecraft:potato":2,"sweet_potato:potato_powder":64,"sweet_potato:purple_potato":17,"minecraft:beetroot_seeds":1,"minecraft:oak_sapling":3,"minecraft:acacia_sapling":2,"minecraft:jungle_sapling":2,"sweet_potato:red_potato":2,"minecraft:spruce_sapling":1},"minecraft:used":{"minecraft:wheat_seeds":49,"minecraft:water_bucket":8,"minecraft:cobblestone_stairs":3,"minecraft:flint_and_steel":4,"sweet_potato:purple_potato":8,"minecraft:stone_pickaxe":5,"sweet_potato:agroforestry_table":8,"minecraft:chest":1,"sweet_potato:magic_cube":8,"minecraft:sugar_cane":5,"minecraft:farmland":8,"minecraft:oak_door":1,"minecraft:salmon":3,"minecraft:mossy_cobblestone":1,"minecraft:golden_hoe":9,"minecraft:anvil":1,"sweet_potato:enchanted_potato":1,"minecraft:carrot":9,"minecraft:sticky_piston":1,"minecraft:iron_hoe":1,"minecraft:lever":1,"sweet_potato:white_potato":2,"minecraft:grass_block":7,"minecraft:iron_pickaxe":2,"minecraft:netherite_axe":1,"minecraft:netherite_hoe":23,"sweet_potato:enchanted_oak_sapling":7,"minecraft:item_frame":49,"minecraft:redstone_lamp":1,"minecraft:cobblestone":25,"minecraft:soul_soil":7,"minecraft:oak_sapling":1,"sweet_potato:enchanted_sugar_cane":264,"sweet_potato:enchanted_carrot":2,"sweet_potato:red_potato":2,"minecraft:netherite_pickaxe":10,"sweet_potato:grinder":7,"minecraft:bucket":3,"minecraft:glass_pane":1,"minecraft:potato":7,"minecraft:bone_meal":142,"sweet_potato:enchanted_beetroot_seeds":13},"minecraft:picked_up":{"minecraft:wooden_axe":1,"minecraft:wheat":3,"minecraft:jungle_log":3,"minecraft:salmon":1,"minecraft:potato":3,"sweet_potato:grinder":3,"minecraft:oak_log":1,"sweet_potato:enchanted_beetroot_seeds":2,"sweet_potato:potato_powder":122,"sweet_potato:white_potato":2,"sweet_potato:red_potato":2,"minecraft:apple":4,"sweet_potato:magic_cube":3,"minecraft:glass_pane":1,"minecraft:beetroot":1,"minecraft:wheat_seeds":20,"minecraft:stone_pickaxe":1,"minecraft:jungle_sapling":2,"minecraft:sugar_cane":4,"minecraft:oak_planks":4,"minecraft:birch_sapling":2,"minecraft:acacia_sapling":2,"minecraft:dark_oak_sapling":2,"sweet_potato:enchanted_oak_sapling":3,"minecraft:acacia_log":1,"minecraft:spruce_sapling":1,"minecraft:carrot":8,"sweet_potato:enchanted_jungle_sapling":1,"sweet_potato:enchanted_sugar_cane":2,"sweet_potato:agroforestry_table":1,"minecraft:beetroot_seeds":5,"minecraft:lever":1,"minecraft:oak_sapling":8,"sweet_potato:purple_potato":38,"sweet_potato:enchanted_wheat_seeds":6}},"DataVersion":2567}