{"stats":{"minecraft:crafted":{"sweet_potato:treating_bowl":5,"minecraft:glass":128,"minecraft:diamond_leggings":3,"minecraft:iron_boots":12,"sweet_potato:baked_red_potato":128,"minecraft:diamond_boots":3,"sweet_potato:baked_white_potato":160,"sweet_potato:potato_powder":-47,"minecraft:air":0,"minecraft:shield":12,"minecraft:chainmail_boots":12},"minecraft:mined":{"sweet_potato:christmas_tree_sapling":4,"minecraft:obsidian":1,"minecraft:composter":4,"sweet_potato:enchanted_sugar_cane":3,"sweet_potato:magic_cube":14,"sweet_potato:enchanted_carrots":5,"sweet_potato:gifted_christmas_tree_leaves":55,"sweet_potato:enchanted_potatoes":3,"sweet_potato:enchanted_beetroots":2,"sweet_potato:common_christmas_tree_leaves":68,"sweet_potato:enchanted_wheat":8,"minecraft:spruce_log":32,"minecraft:grass":1},"minecraft:custom":{"minecraft:mob_kills":11,"minecraft:interact_with_anvil":3,"minecraft:animals_bred":3,"minecraft:inspect_hopper":10,"minecraft:interact_with_crafting_table":9,"minecraft:open_barrel":33,"minecraft:interact_with_campfire":12,"minecraft:bell_ring":9,"minecraft:eat_cake_slice":5,"minecraft:leave_game":25,"minecraft:time_since_death":431026,"minecraft:climb_one_cm":5201,"minecraft:sprint_one_cm":517727,"minecraft:walk_one_cm":523457,"minecraft:drop":33,"minecraft:talked_to_villager":4340,"minecraft:deaths":1,"minecraft:sneak_time":10702,"minecraft:walk_under_water_one_cm":213,"minecraft:jump":3759,"minecraft:walk_on_water_one_cm":467,"minecraft:interact_with_furnace":47,"minecraft:traded_with_villager":42,"minecraft:play_one_minute":603181,"minecraft:pot_flower":2,"minecraft:time_since_rest":431026,"minecraft:open_enderchest":3,"minecraft:damage_taken":45,"minecraft:damage_dealt":1340,"minecraft:swim_one_cm":917,"minecraft:fly_one_cm":2468488,"minecraft:open_chest":64,"minecraft:crouch_one_cm":21409,"minecraft:aviate_one_cm":111476,"minecraft:interact_with_smoker":8,"minecraft:fall_one_cm":16364},"minecraft:used":{"minecraft:oak_fence":84,"minecraft:netherite_sword":17,"minecraft:flint_and_steel":67,"sweet_potato:purple_potato":12,"minecraft:polished_blackstone":2,"minecraft:redstone":10,"minecraft:zombie_villager_spawn_egg":5,"sweet_potato:enchanted_spruce_sapling":6,"minecraft:oak_sign":29,"minecraft:chest":12,"minecraft:ender_chest":1,"sweet_potato:magic_cube":51,"minecraft:zombie_spawn_egg":6,"minecraft:farmland":19,"sweet_potato:enchanted_birch_sapling":7,"minecraft:dirt":3,"minecraft:torch":2,"minecraft:brewing_stand":1,"minecraft:anvil":2,"minecraft:white_carpet":22,"minecraft:hopper":44,"minecraft:cobblestone_wall":3,"minecraft:yellow_carpet":56,"minecraft:golden_shovel":187,"sweet_potato:baked_purple_potato":8,"minecraft:obsidian":85,"minecraft:milk_bucket":1,"minecraft:shroomlight":5,"minecraft:andesite_wall":2,"minecraft:glass":67,"minecraft:iron_hoe":4,"sweet_potato:white_potato":4,"minecraft:netherite_shovel":110,"sweet_potato:baked_red_potato":1,"minecraft:bookshelf":8,"minecraft:villager_spawn_egg":9,"minecraft:grass_block":290,"minecraft:oak_stairs":43,"minecraft:polished_andesite_stairs":15,"minecraft:netherite_hoe":32,"minecraft:barrel":4,"minecraft:item_frame":4727,"minecraft:bedrock":14,"minecraft:repeater":2,"minecraft:redstone_lamp":1,"minecraft:soul_soil":16,"minecraft:furnace":9,"sweet_potato:grinder":54,"minecraft:minecart":1,"minecraft:netherite_pickaxe":6,"minecraft:trapped_chest":4,"minecraft:enchanted_golden_apple":14,"sweet_potato:enchanted_beetroot_seeds":9,"sweet_potato:christmas_tree_sapling":27,"minecraft:water_bucket":18,"minecraft:end_rod":1,"minecraft:cobblestone_stairs":4,"minecraft:birch_leaves":27,"minecraft:stone_pickaxe":2,"minecraft:powered_rail":8,"minecraft:polished_andesite":240,"sweet_potato:common_christmas_tree_leaves":70,"minecraft:jungle_fence":7,"minecraft:oak_planks":123,"sweet_potato:agroforestry_table":11,"sweet_potato:enchanted_dark_oak_sapling":1,"minecraft:redstone_block":4,"minecraft:composter":14,"minecraft:parrot_spawn_egg":10,"minecraft:sugar_cane":5,"minecraft:polished_blackstone_bricks":8,"minecraft:respawn_anchor":5,"sweet_potato:enchanted_acacia_sapling":1,"minecraft:mossy_cobblestone":7,"minecraft:golden_hoe":49,"minecraft:rail":2,"minecraft:comparator":2,"minecraft:tnt":20,"minecraft:oak_slab":53,"minecraft:crafting_table":4,"sweet_potato:enchanted_potato":9,"minecraft:blast_furnace":2,"minecraft:white_bed":3,"minecraft:campfire":1,"sweet_potato:gifted_christmas_tree_leaves":49,"sweet_potato:enchanted_jungle_sapling":1,"minecraft:cake":1,"minecraft:smoker":1,"minecraft:oak_log":11,"sweet_potato:baked_white_potato":2,"minecraft:lever":2,"minecraft:flower_pot":2,"minecraft:diamond_pickaxe":6,"sweet_potato:enchanted_wheat_seeds":10,"minecraft:crying_obsidian":2,"minecraft:command_block":2,"minecraft:iron_pickaxe":3,"minecraft:stone_button":5,"minecraft:pig_spawn_egg":8,"minecraft:netherite_axe":38,"sweet_potato:enchanted_oak_sapling":4,"minecraft:cobblestone":1482,"minecraft:potion":1,"minecraft:grindstone":1,"sweet_potato:enchanted_sugar_cane":270,"sweet_potato:enchanted_carrot":9,"sweet_potato:red_potato":6,"minecraft:chest_minecart":4,"minecraft:grass_path":8,"minecraft:glass_pane":2,"minecraft:stripped_oak_log":29,"minecraft:husk_spawn_egg":3,"minecraft:bone_meal":282},"minecraft:dropped":{"minecraft:netherite_chestplate":2,"minecraft:netherite_helmet":2,"minecraft:oak_fence":1,"sweet_potato:treating_bowl":1,"minecraft:stick":2,"minecraft:emerald":192,"sweet_potato:purple_potato":128,"minecraft:netherite_boots":2,"sweet_potato:peel":1,"sweet_potato:grinder":1,"minecraft:iron_shovel":4,"sweet_potato:enchanted_potato":128,"minecraft:rotten_flesh":1,"minecraft:debug_stick":1,"minecraft:netherite_leggings":2,"minecraft:flint_and_steel":2,"sweet_potato:white_potato":64,"sweet_potato:christmas_tree_sapling":2,"sweet_potato:red_potato":64},"minecraft:killed":{"minecraft:parrot":2,"minecraft:pig":6,"minecraft:zombie":1,"minecraft:villager":2},"minecraft:picked_up":{"minecraft:wheat":306,"minecraft:chainmail_boots":6,"sweet_potato:treating_bowl":2,"sweet_potato:peel":273,"sweet_potato:enchanted_carrot":10,"minecraft:soul_soil":1,"minecraft:item_frame":11,"minecraft:white_carpet":1,"minecraft:iron_shovel":4,"sweet_potato:magic_cube":14,"minecraft:oak_sign":7,"minecraft:poppy":92,"minecraft:sugar_cane":508,"minecraft:birch_sapling":2,"minecraft:stick":284,"sweet_potato:christmas_tree_sapling":155,"minecraft:composter":4,"sweet_potato:baked_red_potato":245,"minecraft:porkchop":7,"minecraft:polished_blackstone_bricks":6,"minecraft:cake":53,"minecraft:stone_button":1,"minecraft:redstone":6,"sweet_potato:enchanted_sugar_cane":3,"minecraft:rotten_flesh":2,"minecraft:polished_blackstone":2,"minecraft:netherite_chestplate":2,"minecraft:obsidian":1,"minecraft:cobblestone":63,"sweet_potato:enchanted_wheat_seeds":6,"minecraft:birch_log":1,"minecraft:netherite_boots":2,"minecraft:feather":5,"minecraft:repeater":1,"minecraft:chainmail_chestplate":4,"sweet_potato:enchanted_beetroot_seeds":2,"minecraft:netherite_leggings":2,"sweet_potato:potato_powder":126,"sweet_potato:white_potato":2252,"minecraft:dirt":12,"sweet_potato:red_potato":65,"minecraft:glass":32,"minecraft:apple":133,"minecraft:wheat_seeds":25,"minecraft:netherite_axe":1,"minecraft:powered_rail":1,"minecraft:debug_stick":3,"sweet_potato:enchanted_red_potato":1,"sweet_potato:enchanted_potato":133,"minecraft:sand":32,"sweet_potato:enchanted_birch_sapling":1,"minecraft:spruce_sapling":1,"minecraft:spruce_log":32,"minecraft:yellow_carpet":13,"minecraft:netherite_helmet":2,"minecraft:lever":1,"minecraft:chainmail_leggings":5,"sweet_potato:baked_white_potato":740,"minecraft:bone_meal":5,"sweet_potato:enchanted_purple_potato":1,"minecraft:chainmail_helmet":6,"minecraft:bread":3,"minecraft:emerald":192,"minecraft:oak_sapling":1,"sweet_potato:purple_potato":107,"sweet_potato:baked_purple_potato":103,"minecraft:hopper":1}},"DataVersion":2567}