{"stats":{"minecraft:picked_up":{"minecraft:feather":2,"minecraft:chicken":1,"minecraft:repeater":11,"minecraft:tripwire_hook":4,"minecraft:anvil":1,"shurlin:plant_jade":1,"minecraft:acacia_leaves":8,"shurlin:holy_pear_bow":3,"sweet_potato:potato_powder":1,"sweet_potato:red_potato":117,"shurlin:platycodon_grandiflorus":5,"minecraft:item_frame":19,"shurlin:holy_pear_wand":3,"minecraft:apple":3,"minecraft:wheat_seeds":3,"shurlin:plant_iron_nugget":10,"shurlin:plant_gold_nugget":4,"shurlin:plant_extractant":3,"minecraft:powered_rail":1,"shurlin:small_bud":3,"minecraft:acacia_sapling":3,"minecraft:stick":70,"minecraft:torch":10,"shurlin:pear_log":1,"minecraft:lily_of_the_valley":5,"minecraft:redstone":24,"minecraft:tnt":10316,"shurlin:inferior_spirit_stone":30,"shurlin:hot_fire_stone":1,"minecraft:command_block":63,"shurlin:pear":21,"shurlin:pear_sapling":19,"shurlin:holy_pear":3,"minecraft:oak_button":1,"shurlin:pear_leaves":41,"minecraft:totem_of_undying":1,"minecraft:emerald":7,"shurlin:holy_pear_sword":3},"minecraft:dropped":{"minecraft:anvil":1,"shurlin:hot_fire_stone":1,"minecraft:command_block":63,"minecraft:item_frame":1,"minecraft:stick":1,"minecraft:grass":1},"minecraft:crafted":{"sweet_potato:enchanted_white_potato":2,"minecraft:air":0,"sweet_potato:white_potato":6,"sweet_potato:enchanted_red_potato":2,"sweet_potato:red_potato":1,"sweet_potato:purple_potato":4},"minecraft:custom":{"minecraft:mob_kills":2,"minecraft:interact_with_anvil":6,"minecraft:interact_with_crafting_table":13,"minecraft:play_one_minute":235586,"sweet_potato:sweet_potato_eaten":5,"minecraft:leave_game":3,"minecraft:time_since_death":113,"sweet_potato:interact_with_magic_cube":15,"minecraft:climb_one_cm":11098,"minecraft:damage_resisted":4785,"minecraft:time_since_rest":113,"minecraft:sprint_one_cm":287956,"minecraft:walk_one_cm":221390,"minecraft:drop":6,"minecraft:minecart_one_cm":13111,"minecraft:damage_dealt":463,"sweet_potato:interact_with_grinder":4,"minecraft:swim_one_cm":12153,"minecraft:fly_one_cm":1266951,"minecraft:open_chest":7,"minecraft:crouch_one_cm":10038,"minecraft:deaths":27,"minecraft:sneak_time":8022,"sweet_potato:crop_upgraded":4,"minecraft:walk_under_water_one_cm":19224,"sweet_potato:interact_with_agroforestry_table":4,"minecraft:aviate_one_cm":1360902,"minecraft:jump":1686,"minecraft:walk_on_water_one_cm":37864,"minecraft:fall_one_cm":14579,"minecraft:inspect_dispenser":4},"minecraft:killed":{"minecraft:evoker":1,"minecraft:villager":1},"minecraft:used":{"minecraft:acacia_log":6,"minecraft:water_bucket":4,"shurlin:phoenix_sapling":44,"minecraft:crimson_fence":66,"minecraft:flint_and_steel":37,"minecraft:redstone":94,"minecraft:dispenser":45,"minecraft:powered_rail":27,"shurlin:dark_iron_sword":8,"minecraft:oak_sign":10,"sweet_potato:agroforestry_table":5,"minecraft:chest":1,"minecraft:stone":160,"sweet_potato:magic_cube":19,"minecraft:warped_sign":2,"minecraft:player_head":8,"shurlin:plant_wand":4,"shurlin:hot_fire_stone":126,"minecraft:anvil":4,"minecraft:dirt":21,"minecraft:rail":4,"minecraft:vine":9,"minecraft:crafting_table":2,"minecraft:birch_sign":3,"shurlin:pear_planks":7,"minecraft:sponge":21,"minecraft:warped_pressure_plate":4,"sweet_potato:enchanted_white_potato":2,"minecraft:obsidian":39,"minecraft:redstone_torch":4,"shurlin:hot_fire_dirt":551,"minecraft:sticky_piston":5,"minecraft:lever":3,"minecraft:activator_rail":2,"minecraft:villager_spawn_egg":1,"minecraft:command_block":18,"minecraft:grass_block":280,"minecraft:string":34,"minecraft:slime_block":4,"minecraft:stone_button":4,"minecraft:detector_rail":4,"minecraft:piglin_brute_spawn_egg":1,"shurlin:pear_log":113,"shurlin:pear_leaves":15,"minecraft:magma_cube_spawn_egg":2,"minecraft:item_frame":178,"minecraft:evoker_spawn_egg":2,"minecraft:tripwire_hook":13,"minecraft:repeater":40,"shurlin:pear_sapling":31,"minecraft:soul_soil":27,"sweet_potato:enchanted_red_potato":3,"minecraft:crimson_pressure_plate":1,"shurlin:small_bud":94,"shurlin:phoenix_leaves":13,"minecraft:minecart":3,"sweet_potato:grinder":8,"minecraft:smooth_stone_slab":5,"shurlin:platycodon_grandiflorus":82,"minecraft:stone_pressure_plate":7,"minecraft:smooth_stone":54,"minecraft:bone_meal":262,"shurlin:plant_obsidian":24},"minecraft:mined":{"shurlin:small_bud":2}},"DataVersion":2586}